{
  "hash": "dbda4777",
  "configHash": "ea88cf3b",
  "lockfileHash": "da336f30",
  "browserHash": "f7770b13",
  "optimized": {
    "vue": {
      "src": "../../../../../../../node_modules/vue/dist/vue.runtime.esm-bundler.js",
      "file": "vue.js",
      "fileHash": "7fbac3a2",
      "needsInterop": false
    },
    "vitepress > @vue/devtools-api": {
      "src": "../../../../../../../node_modules/@vue/devtools-api/dist/index.js",
      "file": "vitepress___@vue_devtools-api.js",
      "fileHash": "1e43bc6b",
      "needsInterop": false
    },
    "vitepress > @vueuse/core": {
      "src": "../../../../../../../node_modules/@vueuse/core/dist/index.js",
      "file": "vitepress___@vueuse_core.js",
      "fileHash": "322664e4",
      "needsInterop": false
    }
  },
  "chunks": {
    "chunk-QCUMM4KY": {
      "file": "chunk-QCUMM4KY.js"
    }
  }
}